set_code,set_name_en,edition,psa_total,psa10_rate_pct,psa_weekly_add,psa_total_as_of,psa_weekly_add_as_of,cgc_total,cgc_total_as_of,cgc_pristine10,cgc_gem_mint10,cgc_grade_split_as_of,tag_total,tag_total_as_of,tag_10,tag_10p,tag_grade_split_as_of
OP-01,Romance Dawn,japanese,60377,89.9,499,2026-10-04,2026-09-30,7129,2026-09-30,2890,2580,2026-09-30,275,2026-09-29,176,4,2026-08-03
OP-01,Romance Dawn,english,50578,84,541,2026-10-04,2026-10-04,4395,2026-09-30,1610,1494,2026-09-30,593,2026-09-29,355,7,2026-08-03
OP-02,Paramount War,japanese,29994,89.6,185,2026-10-04,2026-09-30,3979,2026-09-30,1241,1566,2026-09-30,154,2026-09-29,86,0,2026-08-03
OP-02,Paramount War,english,22452,86,194,2026-10-04,2026-10-04,2890,2026-09-30,1166,1009,2026-09-30,290,2026-09-29,178,0,2026-08-03
OP-03,Pillars of Strength,japanese,25911,87.9,142,2026-10-04,2026-09-30,2539,2026-09-30,871,956,2026-09-30,202,2026-09-29,120,0,2026-08-03
OP-03,Pillars of Strength,english,18221,82.4,101,2026-10-04,2026-10-04,1676,2026-09-30,492,699,2026-09-30,294,2026-09-29,168,3,2026-08-03
OP-04,Kingdoms of Intrigue,japanese,32884,90.9,255,2026-10-04,2026-09-30,3402,2026-09-30,1267,1169,2026-09-30,247,2026-09-29,153,3,2026-08-03
OP-04,Kingdoms of Intrigue,english,26691,87.4,188,2026-10-04,2026-10-04,2778,2026-09-30,960,1071,2026-09-30,388,2026-09-29,249,16,2026-08-03
OP-05,Awakening of the New Era,japanese,79368,88.3,941,2026-10-04,2026-09-30,9235,2026-09-30,3628,3435,2026-09-30,581,2026-09-29,402,5,2026-08-03
OP-05,Awakening of the New Era,english,57906,88.7,532,2026-10-04,2026-10-04,4884,2026-09-30,2252,1701,2026-09-30,983,2026-09-29,640,79,2026-08-03
OP-06,Wings of the Captain,japanese,37802,93.7,336,2026-10-04,2026-09-30,7527,2026-09-30,3456,2758,2026-09-30,401,2026-09-29,274,15,2026-08-03
OP-06,Wings of the Captain,english,40437,90.2,299,2026-10-04,2026-10-04,4436,2026-09-30,2197,1411,2026-09-30,796,2026-09-29,576,22,2026-08-03
OP-07,500 Years in the Future,japanese,37772,92.1,345,2026-10-04,2026-09-30,7299,2026-09-30,2850,3016,2026-09-30,423,2026-09-29,281,12,2026-08-03
OP-07,500 Years in the Future,english,34239,89.4,303,2026-10-04,2026-10-04,4100,2026-09-30,1790,1495,2026-09-30,784,2026-09-29,533,29,2026-08-03
OP-08,Two Legends,japanese,25943,92.1,527,2026-10-04,2026-09-30,4003,2026-09-30,1751,1367,2026-09-30,395,2026-09-29,276,5,2026-08-03
OP-08,Two Legends,english,35877,87,459,2026-10-04,2026-10-04,3200,2026-09-30,1563,997,2026-09-30,919,2026-09-29,630,44,2026-08-03
OP-09,Emperors in the New World,japanese,77404,89.1,1320,2026-10-04,2026-09-30,12939,2026-09-30,5168,4297,2026-09-30,1030,2026-09-29,685,34,2026-08-03
OP-09,Emperors in the New World,english,56857,88.1,607,2026-10-04,2026-10-04,3457,2026-09-30,1467,1081,2026-09-30,1705,2026-09-29,1180,120,2026-08-03
OP-10,Royal Blood,japanese,16592,87.5,394,2026-10-04,2026-09-30,3371,2026-09-30,1380,1028,2026-09-30,473,2026-09-29,262,5,2026-08-03
OP-10,Royal Blood,english,30836,86.9,336,2026-10-04,2026-10-04,2658,2026-09-30,1393,662,2026-09-30,988,2026-09-29,635,83,2026-08-03
OP-11,A Fist of Divine Speed,japanese,33398,83.7,694,2026-10-04,2026-09-30,3397,2026-09-30,1614,1078,2026-09-30,766,2026-09-29,533,23,2026-08-03
OP-11,A Fist of Divine Speed,english,52224,85.7,621,2026-10-04,2026-10-04,2732,2026-09-30,1400,767,2026-09-30,1427,2026-09-29,981,54,2026-08-03
OP-12,Legacy of the Master,japanese,16814,86.5,368,2026-10-04,2026-09-30,2543,2026-09-30,1150,822,2026-09-30,432,2026-09-29,272,10,2026-08-03
OP-12,Legacy of the Master,english,49647,87.3,566,2026-10-04,2026-10-04,3302,2026-09-30,1745,853,2026-09-30,1612,2026-09-29,1038,136,2026-08-03
OP-13,Carrying on His Will,japanese,55556,84.9,1421,2026-10-04,2026-09-30,7936,2026-09-30,4071,2418,2026-09-30,1171,2026-09-29,758,21,2026-08-03
OP-13,Carrying on His Will,english,97418,86.5,1480,2026-10-04,2026-10-04,6404,2026-09-30,3261,1831,2026-09-30,2455,2026-09-29,1678,106,2026-08-03
OP-14,The Azure Sea's Seven,japanese,19254,86.5,676,2026-10-04,2026-09-30,3503,2026-09-30,1706,1159,2026-09-30,505,2026-09-29,284,3,2026-08-03
OP-14,The Azure Sea's Seven,english,,,,,,4555,2026-09-30,2563,1247,2026-09-30,1858,2026-09-29,1174,115,2026-08-03
OP-15,Adventure on Kami's Island,japanese,18531,91.7,1533,2026-10-04,2026-09-30,3848,2026-09-30,2113,1162,2026-09-30,267,2026-09-29,148,4,2026-08-03
OP-15,Adventure on Kami's Island,english,,,,,,2985,2026-09-30,1828,731,2026-09-30,1011,2026-09-29,398,58,2026-08-03
OP-16,The Time of Battle,japanese,13964,91.6,1716,2026-10-04,2026-09-30,4105,2026-09-30,2261,1284,2026-09-30,33,2026-09-29,14,0,2026-08-03
OP-16,The Time of Battle,english,4655,91.6,646,2026-10-04,2026-10-04,1614,2026-09-30,936,422,2026-09-30,130,2026-09-29,60,11,2026-08-03
OP-17,The World's Strongest Warriors,japanese,472,72.9,121,2026-10-04,2026-09-30,286,2026-09-30,152,82,2026-09-30,,,,,
OP-17,The World's Strongest Warriors,english,,,,,,347,2026-09-30,200,107,2026-09-30,,,,,
EB-01,Memorial Collection,japanese,13447,92.5,213,2026-10-04,2026-09-30,1723,2026-09-30,812,543,2026-09-30,213,2026-09-29,136,1,2026-08-03
EB-01,Memorial Collection,english,7965,89.1,72,2026-10-04,2026-10-04,885,2026-09-30,382,349,2026-09-30,170,2026-09-29,120,2,2026-08-03
EB-02,Anime 25th Collection,japanese,14391,88.2,663,2026-10-04,2026-09-30,3413,2026-09-30,1675,1067,2026-09-30,480,2026-09-29,288,6,2026-08-03
EB-02,Anime 25th Collection,english,13422,86.2,254,2026-10-04,2026-10-04,959,2026-09-30,436,297,2026-09-30,288,2026-09-29,199,4,2026-08-03
EB-03,Heroine's Edition,japanese,27063,86.6,892,2026-10-04,2026-09-30,5157,2026-09-30,2510,1737,2026-09-30,840,2026-09-29,548,6,2026-08-03
EB-03,Heroine's Edition,english,22642,87.2,925,2026-10-04,2026-10-04,2162,2026-09-30,1267,599,2026-09-30,904,2026-09-29,528,19,2026-08-03
PRB-01,Premium Booster,japanese,50002,86.8,748,2026-10-04,2026-09-30,21375,2026-09-30,8984,7466,2026-09-30,870,2026-09-29,446,5,2026-08-03
PRB-01,Premium Booster,english,28457,86.4,269,2026-10-04,2026-10-04,3434,2026-09-30,1471,1154,2026-09-30,659,2026-09-29,455,22,2026-08-03
PRB-02,Premium Booster,japanese,24808,87.6,821,2026-10-04,2026-09-30,6226,2026-09-30,3123,1936,2026-09-30,33,2026-09-29,19,0,2026-08-03
PRB-02,Premium Booster,english,34552,85.1,541,2026-10-04,2026-10-04,4488,2026-09-30,2202,1253,2026-09-30,580,2026-09-29,399,29,2026-08-03
