set_code,set_name_en,set_name_ko,english_release_date,canonical_url,jp_sold_median_usd,jp_sold_p25_usd,jp_sold_p75_usd,jp_sold_sample_size,jp_sold_sample_collected_on,jp_active_ask_median_usd,jp_active_ask_p15_usd,jp_active_ask_p85_usd,jp_active_listing_count,jp_active_observed_on,en_sold_median_usd,en_sold_p25_usd,en_sold_p75_usd,en_sold_sample_size,en_sold_sample_collected_on,en_active_ask_median_usd,en_active_ask_p15_usd,en_active_ask_p85_usd,en_active_listing_count,en_active_observed_on
OP-01,Romance Dawn,로맨스 던,2022-12-02,https://opboxindex.com/sets/op-01.html,299,274,305,13,2026-10-04,326.08,292.16,379.99,11,2026-10-10,1419,1391,1489,12,2026-10-07,1567.88,1355.69,4750,23,2026-10-10
OP-02,Paramount War,정상결전,2023-03-10,https://opboxindex.com/sets/op-02.html,147,125,168,6,2026-07-09,187.82,139.99,222.59,13,2026-10-10,556,511,579,14,2026-09-23,661.39,520,750,13,2026-10-10
OP-03,Pillars of Strength,강대한 적,2023-06-30,https://opboxindex.com/sets/op-03.html,126,105,171,6,2026-09-18,186.95,145,252.95,10,2026-10-10,554,525,589,12,2026-10-01,610,525,899.99,17,2026-10-10
OP-04,Kingdoms of Intrigue,모략의 왕국,2023-09-22,https://opboxindex.com/sets/op-04.html,175,140,185,7,2026-09-10,194.99,149.99,264.95,9,2026-10-10,496,474,500,12,2026-10-05,539,499.96,700,17,2026-10-10
OP-05,Awakening of the New Era,신시대의 주역,2023-12-08,https://opboxindex.com/sets/op-05.html,174,163,238,12,2026-09-24,498.87,195,589.99,9,2026-10-10,1003,929,1088,25,2026-10-09,1100,900,1250,17,2026-10-10
OP-06,Wings of the Captain,쌍벽의 패자,2024-03-15,https://opboxindex.com/sets/op-06.html,169,135,204,6,2026-08-26,219.99,145,300,11,2026-10-10,381,313,399,23,2026-10-08,455,410,576,10,2026-10-10
OP-07,500 Years in the Future,500년 후의 미래,2024-06-28,https://opboxindex.com/sets/op-07.html,80,79,80,11,2026-10-09,,,,,,277,247,334,26,2026-10-06,499.99,324.99,639.73,10,2026-10-10
OP-08,Two Legends,두 개의 전설,2024-09-13,https://opboxindex.com/sets/op-08.html,79,75,91,12,2026-09-23,107.83,78.01,112.1,12,2026-10-10,258,249,260,11,2026-10-09,300,279.99,399.99,12,2026-10-10
OP-09,Emperors in the New World,새로운 황제,2024-12-13,https://opboxindex.com/sets/op-09.html,127,126,143,14,2026-10-07,180.86,140.52,200,9,2026-10-10,609,590,627,25,2026-10-10,700,619,899.99,16,2026-10-10
OP-10,Royal Blood,왕족의 혈통,2025-03-21,https://opboxindex.com/sets/op-10.html,88,78,94,7,2026-10-07,113.99,97.99,129.99,13,2026-10-10,254,242,265,22,2026-10-09,261.88,235,300,17,2026-10-10
OP-11,A Fist of Divine Speed,신속의 권,2025-06-06,https://opboxindex.com/sets/op-11.html,120,99,136,13,2026-09-23,142.61,129.29,300,8,2026-10-10,594,548,610,25,2026-10-09,626.77,579,800,17,2026-10-10
OP-12,Legacy of the Master,거장의 유산,2025-08-22,https://opboxindex.com/sets/op-12.html,110,92,147,10,2026-10-01,139.99,130,170,5,2026-10-10,275,268,284,20,2026-10-09,299.87,287,350,14,2026-10-10
OP-13,Carrying on His Will,계승되는 의지,2025-11-07,https://opboxindex.com/sets/op-13.html,129,128,162,27,2026-10-08,190,129.99,249.98,22,2026-10-10,472,452,485,69,2026-10-10,500,465,650,31,2026-10-10
OP-14,The Azure Sea's Seven,푸른 바다의 칠인,2026-01-16,https://opboxindex.com/sets/op-14.html,90,88,98,13,2026-10-06,99.99,89.9,132.18,11,2026-10-10,270,265,282,27,2026-10-07,299.95,250,320,20,2026-10-10
OP-15,Adventure on Kami's Island,카미의 섬의 모험,2026-04-03,https://opboxindex.com/sets/op-15.html,96,93,99,11,2026-10-07,99.59,89.99,140,16,2026-10-10,266,258,279,33,2026-10-10,299.99,264.18,320,13,2026-10-10
OP-16,The Time of Battle,결전의 시간,2026-06-12,https://opboxindex.com/sets/op-16.html,96,92,97,27,2026-10-09,125.45,99.99,160,29,2026-10-10,234,225,252,63,2026-10-10,250,231.96,253.44,6,2026-10-10
OP-17,The World's Strongest Warriors,세계 최강의 전사들,2026-08-28,https://opboxindex.com/sets/op-17.html,125,124,131,59,2026-10-09,130,103,145.45,19,2026-10-10,321,298,351,281,2026-10-10,362.57,325,382.64,15,2026-10-10
EB-01,Memorial Collection,메모리얼 컬렉션,2024-05-03,https://opboxindex.com/sets/eb-01.html,135,114,141,6,2026-08-19,196.51,179.99,199.99,6,2026-10-10,847,765,899,11,2026-10-06,922.5,849.99,1000,8,2026-10-10
EB-02,Anime 25th Collection,애니메이션 25주년 컬렉션,2025-05-09,https://opboxindex.com/sets/eb-02.html,159,135,200,9,2026-10-09,289,229.95,299.99,6,2026-10-10,803,771,832,15,2026-10-09,799.99,739.99,1599,10,2026-10-10
EB-03,Heroine's Edition,히로인 에디션,2026-02-20,https://opboxindex.com/sets/eb-03.html,115,115,118,11,2026-10-06,119.95,115,164.99,17,2026-10-10,328,323,342,14,2026-10-09,354.88,349.99,377,7,2026-10-10
PRB-01,Premium Booster,프리미엄 부스터 vol.1,2024-11-08,https://opboxindex.com/sets/prb-01.html,150,145,152,13,2026-10-09,200,125,250,12,2026-10-10,915,901,976,16,2026-10-03,1124.95,920,1299,10,2026-10-10
PRB-02,Premium Booster,프리미엄 부스터 vol.2,2025-10-03,https://opboxindex.com/sets/prb-02.html,100,99,105,13,2026-10-06,105.99,67.99,119.99,10,2026-10-10,374,344,398,22,2026-10-09,399.99,380,443.12,19,2026-10-10
